{
  "101": {
    "capacity": 20,
    "seats": [
      {
        "seatNumber": 1,
        "student": {
          "name": "MATHES T",
          "registerNumber": "7.21E+11",
          "department": "MCA"
        }
      },
      {
        "seatNumber": 2,
        "student": {
          "name": "ANDERSON",
          "registerNumber": "7.21E+11",
          "department": "MBA"
        }
      },
      {
        "seatNumber": 3,
        "student": {
          "name": "MICHAEL RAGUL M",
          "registerNumber": "7.21E+11",
          "department": "MCA"
        }
      },
      {
        "seatNumber": 4,
        "student": {
          "name": "AARANYA",
          "registerNumber": "7.21E+11",
          "department": "MBA"
        }
      },
      {
        "seatNumber": 5,
        "student": {
          "name": "MOHAMED SHAREEQ S",
          "registerNumber": "7.21E+11",
          "department": "MCA"
        }
      },
      {
        "seatNumber": 6,
        "student": {
          "name": "ANBU",
          "registerNumber": "7.21E+11",
          "department": "MBA"
        }
      },
      {
        "seatNumber": 7,
        "student": {
          "name": "MOHAMED ZAKI A",
          "registerNumber": "7.21E+11",
          "department": "MCA"
        }
      },
      {
        "seatNumber": 8,
        "student": {
          "name": "ARJUN",
          "registerNumber": "7.21E+11",
          "department": "MBA"
        }
      },
      {
        "seatNumber": 9,
        "student": {
          "name": "MONIKA S",
          "registerNumber": "7.21E+11",
          "department": "MCA"
        }
      },
      {
        "seatNumber": 10,
        "student": {
          "name": "ARIVALAGAN",
          "registerNumber": "7.21E+11",
          "department": "MBA"
        }
      },
      {
        "seatNumber": 11,
        "student": {
          "name": "MUTHULAKSHMI M",
          "registerNumber": "7.21E+11",
          "department": "MCA"
        }
      },
      {
        "seatNumber": 12,
        "student": {
          "name": "BALAJI",
          "registerNumber": "7.21E+11",
          "department": "MBA"
        }
      },
      {
        "seatNumber": 13,
        "student": {
          "name": "NAGARAJAN T",
          "registerNumber": "7.21E+11",
          "department": "MCA"
        }
      },
      {
        "seatNumber": 14,
        "student": {
          "name": "CRISTOPHER",
          "registerNumber": "7.21E+11",
          "department": "MBA"
        }
      },
      {
        "seatNumber": 15,
        "student": {
          "name": "NANDINI P",
          "registerNumber": "7.21E+11",
          "department": "MCA"
        }
      },
      {
        "seatNumber": 16,
        "student": {
          "name": "DANIAL",
          "registerNumber": "7.21E+11",
          "department": "MBA"
        }
      },
      {
        "seatNumber": 17,
        "student": {
          "name": "NASRIN K F",
          "registerNumber": "7.21E+11",
          "department": "MCA"
        }
      },
      {
        "seatNumber": 18,
        "student": {
          "name": "ELAVARASAN",
          "registerNumber": "7.21E+11",
          "department": "MBA"
        }
      },
      {
        "seatNumber": 19,
        "student": {
          "name": "NITHYA M",
          "registerNumber": "7.21E+11",
          "department": "MCA"
        }
      },
      {
        "seatNumber": 20,
        "student": {
          "name": "FARHAN",
          "registerNumber": "7.21E+11",
          "department": "MBA"
        }
      }
    ]
  },
  "102": {
    "capacity": 30,
    "seats": [
      {
        "seatNumber": 1,
        "student": {
          "name": "PANKAJ P",
          "registerNumber": "7.21E+11",
          "department": "MCA"
        }
      },
      {
        "seatNumber": 2,
        "student": {
          "name": "GOWTHAM",
          "registerNumber": "7.21E+11",
          "department": "MBA"
        }
      },
      {
        "seatNumber": 3,
        "student": {
          "name": "PRIYA S",
          "registerNumber": "7.21E+11",
          "department": "MCA"
        }
      },
      {
        "seatNumber": 4,
        "student": {
          "name": "MADHI KUMAR",
          "registerNumber": "7.21E+11",
          "department": "MBA"
        }
      },
      {
        "seatNumber": 5,
        "student": {
          "name": "RAJA B",
          "registerNumber": "7.21E+11",
          "department": "MCA"
        }
      },
      {
        "seatNumber": 6,
        "student": {
          "name": "MANOJ",
          "registerNumber": "7.21E+11",
          "department": "MBA"
        }
      },
      {
        "seatNumber": 7,
        "student": {
          "name": "RAMANA R P",
          "registerNumber": "7.21E+11",
          "department": "MCA"
        }
      },
      {
        "seatNumber": 8,
        "student": {
          "name": "MUKESH",
          "registerNumber": "7.21E+11",
          "department": "MBA"
        }
      },
      {
        "seatNumber": 9,
        "student": {
          "name": "RAMYA E",
          "registerNumber": "7.21E+11",
          "department": "MCA"
        }
      },
      {
        "seatNumber": 10,
        "student": {
          "name": "MOHANLAL",
          "registerNumber": "7.21E+11",
          "department": "MBA"
        }
      },
      {
        "seatNumber": 11,
        "student": {
          "name": "RANJITHKUMAR R",
          "registerNumber": "7.21E+11",
          "department": "MCA"
        }
      },
      {
        "seatNumber": 12,
        "student": {
          "name": "NATARAJ",
          "registerNumber": "7.21E+11",
          "department": "MBA"
        }
      },
      {
        "seatNumber": 13,
        "student": {
          "name": "ROHITH P",
          "registerNumber": "7.21E+11",
          "department": "MCA"
        }
      },
      {
        "seatNumber": 14,
        "student": {
          "name": "NANDHA KUMAR",
          "registerNumber": "7.21E+11",
          "department": "MBA"
        }
      },
      {
        "seatNumber": 15,
        "student": {
          "name": "SAI PRASANNA K",
          "registerNumber": "7.21E+11",
          "department": "MCA"
        }
      },
      {
        "seatNumber": 16,
        "student": {
          "name": "NANDY",
          "registerNumber": "7.21E+11",
          "department": "MBA"
        }
      },
      {
        "seatNumber": 17,
        "student": {
          "name": "SAKTHIVEL V",
          "registerNumber": "7.21E+11",
          "department": "MCA"
        }
      },
      {
        "seatNumber": 18,
        "student": {
          "name": "NIMINY",
          "registerNumber": "7.21E+11",
          "department": "MBA"
        }
      },
      {
        "seatNumber": 19,
        "student": {
          "name": "SANGEETH T",
          "registerNumber": "7.21E+11",
          "department": "MCA"
        }
      },
      {
        "seatNumber": 20,
        "student": {
          "name": "NEMILI",
          "registerNumber": "7.21E+11",
          "department": "MBA"
        }
      },
      {
        "seatNumber": 21,
        "student": {
          "name": "SANTHOSH G",
          "registerNumber": "7.21E+11",
          "department": "MCA"
        }
      },
      {
        "seatNumber": 22,
        "student": {
          "name": "NEYMAR",
          "registerNumber": "7.21E+11",
          "department": "MBA"
        }
      },
      {
        "seatNumber": 23,
        "student": {
          "name": "SELVAKUMARI A",
          "registerNumber": "7.21E+11",
          "department": "MCA"
        }
      },
      {
        "seatNumber": 24,
        "student": {
          "name": "OVIYA",
          "registerNumber": "7.21E+11",
          "department": "MBA"
        }
      },
      {
        "seatNumber": 25,
        "student": {
          "name": "SHUNMUGA PRIYA E",
          "registerNumber": "7.21E+11",
          "department": "MCA"
        }
      },
      {
        "seatNumber": 26,
        "student": {
          "name": "OSTHI VELAN",
          "registerNumber": "7.21E+11",
          "department": "MBA"
        }
      },
      {
        "seatNumber": 27,
        "student": {
          "name": "SOWMYA M",
          "registerNumber": "7.21E+11",
          "department": "MCA"
        }
      },
      {
        "seatNumber": 28,
        "student": {
          "name": "PRAKASH",
          "registerNumber": "7.21E+11",
          "department": "MBA"
        }
      },
      {
        "seatNumber": 29,
        "student": {
          "name": "SRIDHARRAJ D",
          "registerNumber": "7.21E+11",
          "department": "MCA"
        }
      },
      {
        "seatNumber": 30,
        "student": {
          "name": "PRAVEEN",
          "registerNumber": "7.21E+11",
          "department": "MBA"
        }
      }
    ]
  },
  "103": {
    "capacity": 20,
    "seats": [
      {
        "seatNumber": 1,
        "student": {
          "name": "SUDARSANAM M",
          "registerNumber": "7.21E+11",
          "department": "MCA"
        }
      },
      {
        "seatNumber": 2,
        "student": {
          "name": "PRIYANKA",
          "registerNumber": "7.21E+11",
          "department": "MBA"
        }
      },
      {
        "seatNumber": 3,
        "student": {
          "name": "SUKIRTHA S",
          "registerNumber": "7.21E+11",
          "department": "MCA"
        }
      },
      {
        "seatNumber": 4,
        "student": {
          "name": "PAVITHRA",
          "registerNumber": "7.21E+11",
          "department": "MBA"
        }
      },
      {
        "seatNumber": 5,
        "student": {
          "name": "SUNDHARESAN M",
          "registerNumber": "7.21E+11",
          "department": "MCA"
        }
      },
      {
        "seatNumber": 6,
        "student": {
          "name": "POUN KUMAR",
          "registerNumber": "7.21E+11",
          "department": "MBA"
        }
      },
      {
        "seatNumber": 7,
        "student": {
          "name": "SUNTHARA SESAAN KS",
          "registerNumber": "7.21E+11",
          "department": "MCA"
        }
      },
      {
        "seatNumber": 8,
        "student": {
          "name": "SAMANTHA",
          "registerNumber": "7.21E+11",
          "department": "MBA"
        }
      },
      {
        "seatNumber": 9,
        "student": {
          "name": "SUTHARSANA C",
          "registerNumber": "7.21E+11",
          "department": "MCA"
        }
      },
      {
        "seatNumber": 10,
        "student": {
          "name": "TRISHA",
          "registerNumber": "7.21E+11",
          "department": "MBA"
        }
      },
      {
        "seatNumber": 11,
        "student": {
          "name": "THAMIZHSELVAM M",
          "registerNumber": "7.21E+11",
          "department": "MCA"
        }
      },
      {
        "seatNumber": 12,
        "student": {
          "name": "VISHALINI",
          "registerNumber": "7.21E+11",
          "department": "MBA"
        }
      },
      {
        "seatNumber": 13,
        "student": {
          "name": "THANUSH K",
          "registerNumber": "7.21E+11",
          "department": "MCA"
        }
      },
      {
        "seatNumber": 14,
        "student": {
          "name": "THIRUMURUGAN A",
          "registerNumber": "7.21E+11",
          "department": "MCA"
        }
      },
      {
        "seatNumber": 15,
        "student": {
          "name": "THIVYA A C",
          "registerNumber": "7.21E+11",
          "department": "MCA"
        }
      },
      {
        "seatNumber": 16,
        "student": {
          "name": "THOMAS G",
          "registerNumber": "7.21E+11",
          "department": "MCA"
        }
      },
      {
        "seatNumber": 17,
        "student": {
          "name": "VADIVELAN K",
          "registerNumber": "7.21E+11",
          "department": "MCA"
        }
      },
      {
        "seatNumber": 18,
        "student": {
          "name": "VIJAY SANKAR S",
          "registerNumber": "7.21E+11",
          "department": "MCA"
        }
      },
      {
        "seatNumber": 19,
        "student": {
          "name": "VISHWAK V S",
          "registerNumber": "7.21E+11",
          "department": "MCA"
        }
      },
      {
        "seatNumber": 20,
        "student": {
          "name": "YUGA DHARSHINI P",
          "registerNumber": "7.21E+11",
          "department": "MCA"
        }
      }
    ]
  },
  "104": {
    "capacity": 20,
    "seats": [
      {
        "seatNumber": 1,
        "student": {
          "name": "YUVA RAJ S",
          "registerNumber": "7.21E+11",
          "department": "MCA"
        }
      },
      {
        "seatNumber": 2,
        "student": null
      },
      {
        "seatNumber": 3,
        "student": null
      },
      {
        "seatNumber": 4,
        "student": null
      },
      {
        "seatNumber": 5,
        "student": null
      },
      {
        "seatNumber": 6,
        "student": null
      },
      {
        "seatNumber": 7,
        "student": null
      },
      {
        "seatNumber": 8,
        "student": null
      },
      {
        "seatNumber": 9,
        "student": null
      },
      {
        "seatNumber": 10,
        "student": null
      },
      {
        "seatNumber": 11,
        "student": null
      },
      {
        "seatNumber": 12,
        "student": null
      },
      {
        "seatNumber": 13,
        "student": null
      },
      {
        "seatNumber": 14,
        "student": null
      },
      {
        "seatNumber": 15,
        "student": null
      },
      {
        "seatNumber": 16,
        "student": null
      },
      {
        "seatNumber": 17,
        "student": null
      },
      {
        "seatNumber": 18,
        "student": null
      },
      {
        "seatNumber": 19,
        "student": null
      },
      {
        "seatNumber": 20,
        "student": null
      }
    ]
  }
}