[
  {
    "name": "MATHES T",
    "registerNumber": "7.21E+11",
    "department": "MCA"
  },
  {
    "name": "MICHAEL RAGUL M",
    "registerNumber": "7.21E+11",
    "department": "MCA"
  },
  {
    "name": "MOHAMED SHAREEQ S",
    "registerNumber": "7.21E+11",
    "department": "MCA"
  },
  {
    "name": "MOHAMED ZAKI A",
    "registerNumber": "7.21E+11",
    "department": "MCA"
  },
  {
    "name": "MONIKA S",
    "registerNumber": "7.21E+11",
    "department": "MCA"
  },
  {
    "name": "MUTHULAKSHMI M",
    "registerNumber": "7.21E+11",
    "department": "MCA"
  },
  {
    "name": "NAGARAJAN T",
    "registerNumber": "7.21E+11",
    "department": "MCA"
  },
  {
    "name": "NANDINI P",
    "registerNumber": "7.21E+11",
    "department": "MCA"
  },
  {
    "name": "NASRIN K F",
    "registerNumber": "7.21E+11",
    "department": "MCA"
  },
  {
    "name": "NITHYA M",
    "registerNumber": "7.21E+11",
    "department": "MCA"
  },
  {
    "name": "PANKAJ P",
    "registerNumber": "7.21E+11",
    "department": "MCA"
  },
  {
    "name": "PRIYA S",
    "registerNumber": "7.21E+11",
    "department": "MCA"
  },
  {
    "name": "RAJA B",
    "registerNumber": "7.21E+11",
    "department": "MCA"
  },
  {
    "name": "RAMANA R P",
    "registerNumber": "7.21E+11",
    "department": "MCA"
  },
  {
    "name": "RAMYA E",
    "registerNumber": "7.21E+11",
    "department": "MCA"
  },
  {
    "name": "RANJITHKUMAR R",
    "registerNumber": "7.21E+11",
    "department": "MCA"
  },
  {
    "name": "ROHITH P",
    "registerNumber": "7.21E+11",
    "department": "MCA"
  },
  {
    "name": "SAI PRASANNA K",
    "registerNumber": "7.21E+11",
    "department": "MCA"
  },
  {
    "name": "SAKTHIVEL V",
    "registerNumber": "7.21E+11",
    "department": "MCA"
  },
  {
    "name": "SANGEETH T",
    "registerNumber": "7.21E+11",
    "department": "MCA"
  },
  {
    "name": "SANTHOSH G",
    "registerNumber": "7.21E+11",
    "department": "MCA"
  },
  {
    "name": "SELVAKUMARI A",
    "registerNumber": "7.21E+11",
    "department": "MCA"
  },
  {
    "name": "SHUNMUGA PRIYA E",
    "registerNumber": "7.21E+11",
    "department": "MCA"
  },
  {
    "name": "SOWMYA M",
    "registerNumber": "7.21E+11",
    "department": "MCA"
  },
  {
    "name": "SRIDHARRAJ D",
    "registerNumber": "7.21E+11",
    "department": "MCA"
  },
  {
    "name": "SUDARSANAM M",
    "registerNumber": "7.21E+11",
    "department": "MCA"
  },
  {
    "name": "SUKIRTHA S",
    "registerNumber": "7.21E+11",
    "department": "MCA"
  },
  {
    "name": "SUNDHARESAN M",
    "registerNumber": "7.21E+11",
    "department": "MCA"
  },
  {
    "name": "SUNTHARA SESAAN KS",
    "registerNumber": "7.21E+11",
    "department": "MCA"
  },
  {
    "name": "SUTHARSANA C",
    "registerNumber": "7.21E+11",
    "department": "MCA"
  },
  {
    "name": "THAMIZHSELVAM M",
    "registerNumber": "7.21E+11",
    "department": "MCA"
  },
  {
    "name": "THANUSH K",
    "registerNumber": "7.21E+11",
    "department": "MCA"
  },
  {
    "name": "THIRUMURUGAN A",
    "registerNumber": "7.21E+11",
    "department": "MCA"
  },
  {
    "name": "THIVYA A C",
    "registerNumber": "7.21E+11",
    "department": "MCA"
  },
  {
    "name": "THOMAS G",
    "registerNumber": "7.21E+11",
    "department": "MCA"
  },
  {
    "name": "VADIVELAN K",
    "registerNumber": "7.21E+11",
    "department": "MCA"
  },
  {
    "name": "VIJAY SANKAR S",
    "registerNumber": "7.21E+11",
    "department": "MCA"
  },
  {
    "name": "VISHWAK V S",
    "registerNumber": "7.21E+11",
    "department": "MCA"
  },
  {
    "name": "YUGA DHARSHINI P",
    "registerNumber": "7.21E+11",
    "department": "MCA"
  },
  {
    "name": "YUVA RAJ S",
    "registerNumber": "7.21E+11",
    "department": "MCA"
  },
  {
    "name": "ANDERSON",
    "registerNumber": "7.21E+11",
    "department": "MBA"
  },
  {
    "name": "AARANYA",
    "registerNumber": "7.21E+11",
    "department": "MBA"
  },
  {
    "name": "ANBU",
    "registerNumber": "7.21E+11",
    "department": "MBA"
  },
  {
    "name": "ARJUN",
    "registerNumber": "7.21E+11",
    "department": "MBA"
  },
  {
    "name": "ARIVALAGAN",
    "registerNumber": "7.21E+11",
    "department": "MBA"
  },
  {
    "name": "BALAJI",
    "registerNumber": "7.21E+11",
    "department": "MBA"
  },
  {
    "name": "CRISTOPHER",
    "registerNumber": "7.21E+11",
    "department": "MBA"
  },
  {
    "name": "DANIAL",
    "registerNumber": "7.21E+11",
    "department": "MBA"
  },
  {
    "name": "ELAVARASAN",
    "registerNumber": "7.21E+11",
    "department": "MBA"
  },
  {
    "name": "FARHAN",
    "registerNumber": "7.21E+11",
    "department": "MBA"
  },
  {
    "name": "GOWTHAM",
    "registerNumber": "7.21E+11",
    "department": "MBA"
  },
  {
    "name": "MADHI KUMAR",
    "registerNumber": "7.21E+11",
    "department": "MBA"
  },
  {
    "name": "MANOJ",
    "registerNumber": "7.21E+11",
    "department": "MBA"
  },
  {
    "name": "MUKESH",
    "registerNumber": "7.21E+11",
    "department": "MBA"
  },
  {
    "name": "MOHANLAL",
    "registerNumber": "7.21E+11",
    "department": "MBA"
  },
  {
    "name": "NATARAJ",
    "registerNumber": "7.21E+11",
    "department": "MBA"
  },
  {
    "name": "NANDHA KUMAR",
    "registerNumber": "7.21E+11",
    "department": "MBA"
  },
  {
    "name": "NANDY",
    "registerNumber": "7.21E+11",
    "department": "MBA"
  },
  {
    "name": "NIMINY",
    "registerNumber": "7.21E+11",
    "department": "MBA"
  },
  {
    "name": "NEMILI",
    "registerNumber": "7.21E+11",
    "department": "MBA"
  },
  {
    "name": "NEYMAR",
    "registerNumber": "7.21E+11",
    "department": "MBA"
  },
  {
    "name": "OVIYA",
    "registerNumber": "7.21E+11",
    "department": "MBA"
  },
  {
    "name": "OSTHI VELAN",
    "registerNumber": "7.21E+11",
    "department": "MBA"
  },
  {
    "name": "PRAKASH",
    "registerNumber": "7.21E+11",
    "department": "MBA"
  },
  {
    "name": "PRAVEEN",
    "registerNumber": "7.21E+11",
    "department": "MBA"
  },
  {
    "name": "PRIYANKA",
    "registerNumber": "7.21E+11",
    "department": "MBA"
  },
  {
    "name": "PAVITHRA",
    "registerNumber": "7.21E+11",
    "department": "MBA"
  },
  {
    "name": "POUN KUMAR",
    "registerNumber": "7.21E+11",
    "department": "MBA"
  },
  {
    "name": "SAMANTHA",
    "registerNumber": "7.21E+11",
    "department": "MBA"
  },
  {
    "name": "TRISHA",
    "registerNumber": "7.21E+11",
    "department": "MBA"
  },
  {
    "name": "VISHALINI",
    "registerNumber": "7.21E+11",
    "department": "MBA"
  }
]