Name,Register Number,Department
MATHES T,7.21E+11,MCA
MICHAEL RAGUL M,7.21E+11,MCA
MOHAMED SHAREEQ S,7.21E+11,MCA
MOHAMED ZAKI A,7.21E+11,MCA
MONIKA S,7.21E+11,MCA
MUTHULAKSHMI M,7.21E+11,MCA
NAGARAJAN T,7.21E+11,MCA
NANDINI P,7.21E+11,MCA
NASRIN K F,7.21E+11,MCA
NITHYA M,7.21E+11,MCA
PANKAJ P,7.21E+11,MCA
PRIYA S,7.21E+11,MCA
RAJA B,7.21E+11,MCA
RAMANA R P,7.21E+11,MCA
RAMYA E,7.21E+11,MCA
RANJITHKUMAR R,7.21E+11,MCA
ROHITH P,7.21E+11,MCA
SAI PRASANNA K,7.21E+11,MCA
SAKTHIVEL V,7.21E+11,MCA
SANGEETH T,7.21E+11,MCA
SANTHOSH G,7.21E+11,MCA
SELVAKUMARI A,7.21E+11,MCA
SHUNMUGA PRIYA E,7.21E+11,MCA
SOWMYA M,7.21E+11,MCA
SRIDHARRAJ D,7.21E+11,MCA
SUDARSANAM M,7.21E+11,MCA
SUKIRTHA S,7.21E+11,MCA
SUNDHARESAN M,7.21E+11,MCA
SUNTHARA SESAAN KS,7.21E+11,MCA
SUTHARSANA C,7.21E+11,MCA
THAMIZHSELVAM M,7.21E+11,MCA
THANUSH K,7.21E+11,MCA
THIRUMURUGAN A,7.21E+11,MCA
THIVYA A C,7.21E+11,MCA
THOMAS G,7.21E+11,MCA
VADIVELAN K,7.21E+11,MCA
VIJAY SANKAR S,7.21E+11,MCA
VISHWAK V S,7.21E+11,MCA
YUGA DHARSHINI P,7.21E+11,MCA
YUVA RAJ S,7.21E+11,MCA
ANDERSON,7.21E+11,MBA
AARANYA,7.21E+11,MBA
ANBU,7.21E+11,MBA
ARJUN,7.21E+11,MBA
ARIVALAGAN,7.21E+11,MBA
BALAJI,7.21E+11,MBA
CRISTOPHER,7.21E+11,MBA
DANIAL,7.21E+11,MBA
ELAVARASAN,7.21E+11,MBA
FARHAN,7.21E+11,MBA
GOWTHAM,7.21E+11,MBA
MADHI KUMAR,7.21E+11,MBA
MANOJ,7.21E+11,MBA
MUKESH,7.21E+11,MBA
MOHANLAL,7.21E+11,MBA
NATARAJ,7.21E+11,MBA
NANDHA KUMAR,7.21E+11,MBA
NANDY,7.21E+11,MBA
NIMINY,7.21E+11,MBA
NEMILI,7.21E+11,MBA
NEYMAR,7.21E+11,MBA
OVIYA,7.21E+11,MBA
OSTHI VELAN,7.21E+11,MBA
PRAKASH,7.21E+11,MBA
PRAVEEN,7.21E+11,MBA
PRIYANKA,7.21E+11,MBA
PAVITHRA,7.21E+11,MBA
POUN KUMAR,7.21E+11,MBA
SAMANTHA,7.21E+11,MBA
TRISHA,7.21E+11,MBA
VISHALINI,7.21E+11,MBA
